adapter,r1start,r1end,r2start,r2end
Quadruplex001,CTTGAACGGACTGTCCAC,GTAGTCTAACGCTCGGTG,CACCGAGCGTTAGACTAC,GTGGACAGTCCGTTCAA
Quadruplex002,GAGCCTACTCAGTCAACG,CCGTCAAGTGTTCGACAC,GTGTCGAACACTTGACGG,CGTTGACTGAGTAGGCTC
Quadruplex003,AGCTTGTAAGGCAGGTTAG,AGTCAGCTGAAGATCAGT,ACTGATCTTCAGCTGACTG,TAACCTGCCTTACAAGCT
Quadruplex004,TCAAGCGTCTTACATGGTC,TACAGTGCCTCAGATTCA,TGAATCTGAGGCACTGTAC,ACCATGTAAGACGCTTGA
Quadruplex005,CTGGTCCAAGAACGTCTG,GAGCTCGATCGTTCAGAG,CTCTGAACGATCGAGCTC,CAGACGTTCTTGGACCAG
Quadruplex006,GATCCAGTTCTGTCGAGC,CTAAGGTGCATGCACCTC,GAGGTGCATGCACCTTAG,GCTCGACAGAACTGGATC
Quadruplex007,ACCTATAGGTGCAACGAAG,AGTGCAATGGAAGTTAGT,ACTAACTTCCATTGCACTC,TTCGTTGCACCTATAGGT
Quadruplex008,TGAAGGTCCACTGTATCTC,TCCTATCCATCCAGGTCA,TGACCTGGATGGATAGGAG,AGATACAGTGGCCTTCA
Quadruplex009,CACTGCTTCGAGACGAAG,CCGTCTCAGTAACTGGAG,CTCCAGTTACTGAGACGG,CTTCGTCTCGAAGCAGTG
Quadruplex010,GTGATACCTCGATGCTCC,GGACAGAGACTGGACCTC,GAGGTCCAGTCTCTGTCC,GGAGCATCGAGGTATCAC
Quadruplex011,ACTCAGAGAACTCATGGAG,ATTGGATCCACCTGTAGT,ACTACAGGTGGATCCAATC,TCCATGAGTTCTCTGAGT
Quadruplex012,TGAGCTGAGTTCGTACTTC,TACATCGTTGGTACATCA,TGATGTACCAACGATGTAG,AAGTACGAACTCAGCTCA